bdcjbc,djdvc,Multan Road,03242222222,Afraz,afrazbutt34@gmail.com,39.5,34.5

fvavf,cs cscds,Multan Road,03208583460,afraz,abc@gmail.com,39.5,34.5

fvavf,cs cscds,Multan Road,03208583460,afraz,abc@gmail.com,39.5,34.5
dbchusdbcubd,dsjcjds chuds ,Multan Road,03208583460,afrazbutt,afrazbutt@gmail.com,39.5,34.5

hcdhscud,chsdvcygdv,Multan Road,03007861517,Ayesha,ashnadeem@gmail.com,39.5,34.5

akdhad,kdskfhsk,Multan Road,29742987488,Shahzaib,shahzaib@gmail.com,39.5,34.5

Asad kryana,fdbrrv,Multan Road,03007861517,Ayesha,a@gmail.com,39.5,34.5

Swera,Lahore,Multan Road,03234904070,Hamza,hs249384@gmail.com,39.5,34.5

Shahzaib,Islamia Park,Multan Road,03287656451,Shahzaib Irfan,shahzaib@gmail.com,39.5,34.5

Shahzaib,Islamia Park,Multan Road,03287656451,Shahzaib Irfan,shahzaib@gmail.com,39.5,34.5
Afraz,Mazang Chungi,Multan Road,03268876754,Afraz Butt,afraz@gmail.com,39.5,34.5

bdcjbc,djdvc,Multan Road,03242222222,Afraz,afrazbutt34@gmail.com,39.5,39.5
fvavf,cs cscds,Multan Road,03208583460,afraz,abc@gmail.com,39.5,39.5
fvavf,cs cscds,Multan Road,03208583460,afraz,abc@gmail.com,39.5,39.5
dbchusdbcubd,dsjcjds chuds ,Multan Road,03208583460,afrazbutt,afrazbutt@gmail.com,39.5,39.5
hcdhscud,chsdvcygdv,Multan Road,03007861517,Ayesha,ashnadeem@gmail.com,39.5,39.5
akdhad,kdskfhsk,Multan Road,29742987488,Shahzaib,shahzaib@gmail.com,39.5,39.5
Asad kryana Shop,Shop #3,fdbrrv,03007861517,Ayesha,a@gmail.com,39.5,34.5
Swera,Lahore,Multan Road,03234904070,Hamza,hs249384@gmail.com,39.5,39.5
Shahzaib,Islamia Park,Multan Road,03287656451,Shahzaib Irfan,shahzaib@gmail.com,39.5,39.5
Shahzaib,Islamia Park,Multan Road,03287656451,Shahzaib Irfan,shahzaib@gmail.com,39.5,39.5
Afraz,Mazang Chungi,Multan Road,03268876754,Afraz Butt,afraz@gmail.com,39.5,39.5

bdcjbc,djdvc,Multan Road,03242222222,Afraz,afrazbutt34@gmail.com,39.5,39.5
fvavf,cs cscds,Multan Road,03208583460,afraz,abc@gmail.com,39.5,39.5
fvavf,cs cscds,Multan Road,03208583460,afraz,abc@gmail.com,39.5,39.5
dbchusdbcubd,dsjcjds chuds ,Multan Road,03208583460,afrazbutt,afrazbutt@gmail.com,39.5,39.5
hcdhscud,chsdvcygdv,Multan Road,03007861517,Ayesha,ashnadeem@gmail.com,39.5,39.5
akdhad,kdskfhsk,Multan Road,29742987488,Shahzaib,shahzaib@gmail.com,39.5,39.5
Asad kryana,Shop #3,Shop #3,03007861517,Ayesha,a@gmail.com,39.5,34.5
Swera,Lahore,Multan Road,03234904070,Hamza,hs249384@gmail.com,39.5,39.5
Shahzaib,Islamia Park,Multan Road,03287656451,Shahzaib Irfan,shahzaib@gmail.com,39.5,39.5
Shahzaib,Islamia Park,Multan Road,03287656451,Shahzaib Irfan,shahzaib@gmail.com,39.5,39.5
Afraz,Mazang Chungi,Multan Road,03268876754,Afraz Butt,afraz@gmail.com,39.5,39.5

